Dish,Ingredients,Summary,Description
6. Sinigang na Bangus (Milkfish in Sour Soup),"Bangus, tomatoes, onions, string beans, eggplant, tamarind powder, salt","Boil water with tomatoes and onions, add tamarind powder, vegetables, and fish. Simmer until cooked.","6. Sinigang na Bangus:
A tangy, aromatic soup that's clear and light. The milkfish chunks float in a broth that's a pale, cloudy pink from the tomatoes. Green string beans and purple eggplant add pops of color. The soup has a sour, mouth-puckering taste from the tamarind, balanced by the mild, flaky fish. It smells fresh and slightly acidic, with a hint of fish and vegetables."
7. Chicken Afritada,"Chicken, potatoes, carrots, bell peppers, tomato sauce, garlic, onions, cooking oil","Sauté garlic and onions, add chicken, vegetables, and tomato sauce. Simmer until chicken is cooked.","7. Chicken Afritada:
A vibrant, hearty stew with golden-brown chicken pieces nestled in a rich, red tomato sauce. Chunks of white potatoes, orange carrots, and green bell peppers create a colorful medley. The dish is glossy and thick, with a savory aroma of garlic and onions. It tastes comforting and slightly sweet from the tomatoes, with tender chicken and soft vegetables."
8. Pork Menudo,"Pork, potatoes, carrots, bell peppers, tomato sauce, garlic, onions, soy sauce, cooking oil","Sauté garlic and onions, add pork and vegetables. Pour in tomato sauce and soy sauce, then simmer until meat is tender.","8. Pork Menudo:
A rustic, colorful dish with cubes of pork swimming in a reddish-brown sauce. Diced potatoes, carrots, and bell peppers add specks of white, orange, and green. The sauce is glossy and thick, with a savory-sweet aroma from the tomato and soy sauce blend. It tastes rich and meaty, with a hint of saltiness and tender, flavorful pork."
9. Beef Caldereta,"Beef, potatoes, carrots, bell peppers, tomato sauce, liver spread, cheese, garlic, onions, cooking oil","Sauté garlic and onions, add beef and simmer until tender. Add vegetables, tomato sauce, liver spread, and cheese.","9. Beef Caldereta:
A luxurious, deep red stew with chunks of tender beef. Potatoes, carrots, and bell peppers add texture and color. The sauce is thick and glossy, with a complex aroma from the blend of tomato, liver spread, and cheese. It tastes rich and savory, with a slight tang and creaminess. The beef is melt-in-your-mouth tender."
10. Pinakbet,"String beans, eggplant, bitter gourd, squash, tomatoes, onions, garlic, bagoong, cooking oil","Sauté garlic, onions, and tomatoes. Add vegetables and bagoong. Simmer until vegetables are cooked.","10. Pinakbet:
A rustic, colorful vegetable medley. Green string beans, purple eggplant, dark green bitter gourd, and orange squash create a vibrant palette. The vegetables are glistening with a light coating of oil and bagoong. It smells earthy and slightly pungent from the fermented shrimp paste. The taste is a mix of bitter, sweet, and salty flavors, with each vegetable retaining its unique texture."
11. Chicken Tinola,"Chicken, ginger, garlic, onions, chayote or green papaya, chili leaves, fish sauce, cooking oil","Sauté ginger, garlic, and onions. Add chicken, pour water, and simmer. Add vegetables and season with fish sauce.","11. Chicken Tinola:
A comforting, clear soup with tender chicken pieces swimming in a fragrant ginger-infused broth. The pale green chayote or papaya chunks add a subtle sweetness, while vibrant chili leaves float on top, giving a pop of color. The aroma of ginger and garlic fills the air, promising a warm, soothing meal."
12. Pork Sinigang,"Pork, tomatoes, onions, string beans, eggplant, tamarind powder, fish sauce","Boil pork with tomatoes and onions. Add tamarind powder, vegetables, and season with fish sauce.","12. Pork Sinigang:
A tangy, savory soup that's a feast for the senses. The clear broth is dotted with chunks of tender pork and colorful vegetables. The sour tamarind flavor tickles your nose and taste buds. Bright green string beans and purple eggplant slices create a rainbow in your bowl, while the aroma of simmering meat and vegetables is irresistible."
13. Pancit Bihon,"Rice noodles, chicken, carrots, cabbage, garlic, onions, soy sauce, cooking oil","Sauté garlic and onions, add chicken and vegetables. Add soaked noodles and soy sauce. Stir-fry until noodles are cooked.","13. Pancit Bihon:
A vibrant stir-fry of thin, translucent rice noodles tossed with colorful vegetables and tender chicken bits. The golden-brown noodles glisten with a light soy sauce coating. Crisp-tender carrots add orange pops, while green cabbage provides crunch. The dish's savory aroma, with hints of garlic and onion, is mouth-watering."
14. Chicken Adobo,"Chicken, garlic, vinegar, soy sauce, black pepper, bay leaves, cooking oil","Marinate chicken in vinegar, soy sauce, and spices. Sauté garlic, add marinated chicken, and simmer until cooked.","14. Chicken Adobo:
A rich, dark brown stew of fall-off-the-bone chicken pieces bathed in a tangy-savory sauce. The glossy sauce, a perfect balance of vinegar and soy, clings to the meat. Bits of softened garlic and whole peppercorns dot the dish. The pungent aroma of vinegar and bay leaves fills the kitchen, promising a bold, flavorful meal."
15. Giniling na Baboy (Ground Pork Stew),"Ground pork, potatoes, carrots, bell peppers, tomato sauce, garlic, onions, soy sauce, cooking oil","Sauté garlic and onions, add ground pork and vegetables. Pour in tomato sauce and soy sauce, then simmer until cooked.","15. Giniling na Baboy:
A hearty, rustic stew of ground pork swimming in a rich tomato sauce. The deep red sauce is studded with cubes of tender potatoes, bright orange carrots, and colorful bell peppers. The meat is finely crumbled, soaking up all the flavors. The sweet-savory aroma of tomatoes, garlic, and soy sauce makes your mouth water instantly."
16. Bistek Tagalog,"Beef sirloin, onions, soy sauce, calamansi juice, garlic, black pepper, cooking oil","Marinate beef in soy sauce and calamansi juice. Fry beef, set aside. Sauté garlic and onions, return beef, and simmer briefly.","16. Bistek Tagalog:
A savory dish with tender, golden-brown beef slices swimming in a tangy, dark brown sauce. The meat is perfectly complemented by soft, translucent onion rings. The aroma is a mouthwatering blend of garlic, soy, and citrus, with a hint of black pepper. It's a simple yet flavorful meal that's both comforting and satisfying."
17. Ginataang Hipon (Shrimp in Coconut Milk),"Shrimp, coconut milk, chili peppers, garlic, onions, ginger, salt, cooking oil","Sauté garlic, onions, and ginger. Add shrimp, coconut milk, and chili peppers. Simmer until shrimp is cooked.","17. Ginataang Hipon:
Picture plump, pink shrimp nestled in a creamy, white coconut sauce. The dish is dotted with vibrant red chili peppers and flecks of green herbs. As it simmers, it releases a fragrant mix of garlic, ginger, and coconut, with a subtle spicy kick. It's a warm, comforting dish that's both rich and light at the same time."
18. Kare-Kare,"Beef, eggplant, string beans, banana blossom, peanut butter, annatto seeds, garlic, onions, bagoong, cooking oil","Boil beef until tender. Sauté garlic and onions, add beef, vegetables, and peanut butter mixture. Simmer until vegetables are cooked.","18. Kare-Kare:
This hearty stew features tender chunks of beef and colorful vegetables in a thick, golden-brown peanut sauce. You'll see bright green string beans, purple eggplant slices, and pale banana blossoms. The dish has a nutty aroma with hints of garlic and onion. It's usually served with a small portion of pungent shrimp paste on the side, adding a salty contrast to the rich, creamy main dish."
19. Laing,"Dried taro leaves, coconut milk, pork, chili peppers, garlic, onions, ginger, bagoong, cooking oil","Sauté garlic, onions, and ginger. Add pork, bagoong, and coconut milk. Simmer, then add taro leaves and cook until leaves are tender.","19. Laing:
Dark green taro leaves are cooked down in a creamy, white coconut milk sauce, creating a dish that's both earthy and indulgent. Bits of pork add a meaty texture, while red chili peppers provide pops of color and heat. The aroma is a complex blend of coconut, garlic, ginger, and the slightly fishy scent of bagoong. It's a unique dish that's both rustic and flavorful."
20. Dinuguan,"Pork, pork blood, vinegar, garlic, onions, chili peppers, salt, cooking oil","Sauté garlic and onions, add pork and cook until brown. Pour in vinegar and pork blood. Simmer until pork is tender.","20. Dinuguan:
This unusual dish features tender pork pieces in a deep, dark brown sauce made from pork blood and vinegar. Despite its intimidating appearance, it has a rich, savory flavor with a tangy kick. The aroma is a mix of garlic, onions, and a slight metallic note from the blood. It's often described as a ""chocolate meat"" dish due to its color, though the flavor is entirely savory."
21. Pork Sisig,"Pork belly, chicken liver, onions, chili peppers, calamansi juice, mayonnaise, salt, pepper, cooking oil","Grill pork belly, chop finely. Sauté with chicken liver, onions, and chili peppers. Season with calamansi juice, mayonnaise, salt, and pepper.","21. Pork Sisig: A sizzling plate of crispy, golden-brown pork bits mixed with creamy chicken liver. The dish is dotted with purple onions and fiery red chili peppers, glistening with a tangy-creamy sauce. It's a mouthwatering blend of crunchy and soft textures, with a zesty aroma that makes your mouth water."
22. Bicol Express,"Pork, coconut milk, bagoong, chili peppers, garlic, onions, ginger, cooking oil","Sauté garlic, onions, and ginger. Add pork, bagoong, and chili peppers. Pour in coconut milk and simmer until pork is tender.","22. Bicol Express: A rich, creamy stew with tender pork chunks swimming in a velvety, off-white coconut sauce. Flecks of angry red chili peppers peek through, promising a spicy kick. The dish gives off a fragrant, tropical scent with hints of garlic and ginger, making your taste buds tingle with anticipation."
23. Chicken Inasal,"Chicken, garlic, ginger, lemongrass, vinegar, calamansi juice, annatto oil, salt, pepper",Marinate chicken in spices and calamansi juice. Grill while basting with annatto oil.,"23. Chicken Inasal: Juicy chicken pieces with a beautiful golden-orange hue from annatto oil. The skin is slightly charred, adding a smoky flavor. It smells of garlic, ginger, and lemongrass, with a citrusy note from calamansi. The marinade gives the chicken a complex, tangy-savory taste that's irresistible."
24. Lechon Kawali,"Pork belly, garlic, bay leaves, peppercorns, salt, vinegar, cooking oil","Boil pork with spices until tender. Air dry, then deep fry until crispy.","24. Lechon Kawali: Crispy, mahogany-brown pork belly squares with layers of meat and fat. The skin is bubbly and crunchy, while the meat inside remains tender and juicy. It has a savory aroma with hints of garlic and bay leaves. When you bite into it, you hear a satisfying crackle followed by succulent meat."
25. Kinilaw na Tuna,"Fresh tuna, vinegar, calamansi juice, onions, ginger, chili peppers, salt, pepper","Cube fresh tuna, marinate in vinegar and calamansi juice. Mix with onions, ginger, and chili peppers. Season with salt and pepper.","25. Kinilaw na Tuna: Vibrant cubes of pink tuna ""cooked"" in clear vinegar and calamansi juice. The dish is speckled with white onion slivers, green chili peppers, and ginger bits. It smells fresh and citrusy, with a hint of spice. The tuna is tender yet firm, with a bright, tangy flavor that's perfect for hot days."
26. Arroz Caldo,"Rice, chicken, ginger, garlic, onions, fish sauce, black pepper, calamansi","Cook rice with chicken broth, add shredded chicken, sauté ginger, garlic, and onions. Season with fish sauce and pepper.","26. Arroz Caldo: A comforting, golden-hued rice porridge that warms the soul. The fragrant aroma of ginger and garlic fills the air as tender chicken pieces nestle in the creamy rice. A squeeze of tangy calamansi brightens the dish, while a sprinkle of black pepper adds a subtle kick. The rich, savory broth, infused with umami from fish sauce, makes this a perfect bowl of comfort on a chilly day."
27. Ginataang Bilo-Bilo,"Glutinous rice balls, sweet potato, banana, jackfruit, tapioca pearls, coconut milk, sugar","Cook glutinous rice balls and tapioca pearls. Add coconut milk, fruits, and sugar. Simmer until thickened.","27. Ginataang Bilo-Bilo: A colorful and sweet dessert soup that's a feast for the eyes and taste buds. Chewy, pearly-white rice balls float alongside vibrant orange sweet potato chunks and sunny yellow banana slices. The creamy coconut milk base is dotted with translucent tapioca pearls and studded with golden jackfruit pieces. The aroma is tropical and inviting, with a gentle sweetness that lingers on the palate."
28. Tocino,"Pork belly, sugar, salt, garlic powder, anatto powder","Marinate pork in sugar, salt, garlic powder, and anatto. Let it cure, then fry until caramelized.","28. Tocino: A mouthwatering breakfast meat that's a symphony of sweet and savory. The pork belly slices glisten with a deep reddish-pink hue from the anatto powder. As it sizzles in the pan, the sugar caramelizes, creating crispy, mahogany-colored edges. The aroma is a tantalizing blend of garlic and sweet smokiness that fills the kitchen. Each bite is a perfect balance of tender meat and crispy, candied exterior."
29. Champorado,"Glutinous rice, cocoa powder, sugar, evaporated milk",Cook rice with cocoa powder and sugar. Serve with evaporated milk.,"29. Champorado: A rich, chocolatey rice porridge that's both breakfast and dessert. The deep brown color of cocoa melds with the pearly white rice, creating a velvety, indulgent texture. A drizzle of creamy evaporated milk creates beautiful swirls on the surface. The warm, comforting aroma of chocolate fills the air, promising a sweet start to the day. Each spoonful is a perfect balance of chocolatey richness and subtle rice flavor."
30. Ginisang Munggo,"Mung beans, pork, spinach, garlic, onions, fish sauce","Cook mung beans until soft. Sauté garlic, onions, and pork. Combine with beans and spinach.","30. Ginisang Munggo: A hearty, emerald-green stew that's both nutritious and satisfying. The earthy aroma of mung beans mingles with the savory scent of garlic and onions. Tender pork pieces add richness to the dish, while vibrant green spinach leaves provide a pop of color and freshness. The beans break down slightly, creating a creamy texture that's punctuated by the occasional whole bean. A dash of fish sauce adds depth and umami to this comforting bowl."
31. Chicken Pastel,"Chicken, carrots, potatoes, bell peppers, cream, butter, flour, chicken broth","Make white sauce with butter, flour, and broth. Add chicken and vegetables. Bake until golden.","31. Chicken Pastel:
A comforting dish with tender chicken pieces and colorful vegetables swimming in a velvety white sauce. The golden-brown crust on top gives way to a creamy, savory filling that's both hearty and satisfying. The aroma of butter and herbs wafts through the air as it bakes, promising a delicious meal ahead."
32. Escabeche,"Fish, vinegar, sugar, carrots, bell peppers, ginger, garlic, onions",Fry fish. Make sweet and sour sauce with vegetables. Pour sauce over fried fish.,"32. Escabeche:
A vibrant dish featuring crispy golden fish fillets topped with a tangy, sweet-sour sauce. The bright orange carrots and red bell peppers create a colorful contrast against the white fish. The vinegary aroma is balanced by a hint of sweetness, while the ginger and garlic add a fragrant kick that tickles your nose."
33. Pork Binagoongan,"Pork belly, bagoong, tomatoes, eggplant, chili peppers, garlic, onions","Fry pork until crispy. Sauté garlic, onions, and tomatoes. Add bagoong and pork. Simmer with eggplant.","33. Pork Binagoongan:
A bold and flavorful dish with crispy, browned pork belly chunks nestled in a rich, reddish-brown sauce. The pungent aroma of bagoong (shrimp paste) mingles with the sweetness of tomatoes and the earthiness of eggplant. Specks of red chili peppers add a pop of color and a hint of spiciness to this mouthwatering meal."
34. Chicken Sopas,"Chicken, elbow macaroni, carrots, cabbage, evaporated milk, garlic, onions","Cook macaroni. Sauté garlic and onions, add chicken and vegetables. Pour in milk and simmer.","34. Chicken Sopas:
A soothing, creamy soup filled with tender chicken bits, soft elbow macaroni, and colorful vegetables. The pale, milky broth is dotted with orange carrots and green cabbage, creating a comforting bowl of goodness. The gentle aroma of garlic and onions fills the air, inviting you to enjoy this warm and nourishing dish."
35. Ginataang Langka,"Young jackfruit, coconut milk, pork, chili peppers, garlic, onions, ginger","Sauté garlic, onions, and ginger. Add pork and jackfruit. Pour in coconut milk and simmer.","35. Ginataang Langka:
A luscious, creamy stew featuring young jackfruit and tender pork in a rich coconut milk base. The pale, yellowish sauce is flecked with bits of green jackfruit and reddish pork. The enticing aroma of coconut milk, garlic, and ginger creates a tropical scent, while the chili peppers add a subtle heat to this fragrant and satisfying dish."
36. Tortang Giniling,"Ground pork, potatoes, carrots, eggs, garlic, onions",Mix ground pork with vegetables and eggs. Form into patties and fry.,"36. Tortang Giniling: A savory, golden-brown patty that's crispy on the outside and juicy on the inside. The aroma of fried garlic and onions fills the air as you cook. When you cut into it, you see specks of orange carrots and white potatoes mixed with the pinkish-brown ground pork. It's like a flattened meatball with a hint of eggy flavor, perfect for dipping in ketchup or banana ketchup."
37. Chicken Curry,"Chicken, potatoes, carrots, bell peppers, coconut milk, curry powder, garlic, onions","Sauté garlic and onions. Add chicken, vegetables, and curry powder. Pour in coconut milk and simmer.","37. Chicken Curry: A colorful, creamy dish with tender chicken pieces swimming in a rich, yellow-orange sauce. The sweet smell of coconut milk blends with the earthy aroma of curry spices. You'll spot chunks of white potatoes, orange carrots, and bright green and red bell peppers. It's warm, comforting, and slightly spicy, best enjoyed over a bed of steaming white rice."
38. Pork Siomai,"Ground pork, carrots, garlic, onions, soy sauce, sesame oil, wonton wrappers",Mix pork with vegetables and seasonings. Wrap in wonton skins and steam.,"38. Pork Siomai: Small, bite-sized dumplings with a pale, slightly translucent wrapper and a pinkish-brown filling peeking through the top. They're usually served in bamboo steamers, releasing a mouth-watering aroma of savory pork and garlic. When you bite into one, you'll taste the juicy ground pork mixed with crunchy bits of carrot. They're often dipped in a soy sauce and calamansi (small lime) mixture for extra flavor."
39. Bopis,"Pork heart and lungs, chili peppers, vinegar, garlic, onions",Boil offal until tender. Chop and sauté with garlic and onions. Add vinegar and chili peppers.,"39. Bopis: A reddish-brown, spicy dish made from finely chopped pork organs. It has a strong, meaty smell mixed with the sharp scent of vinegar and chili peppers. The texture is chewy and slightly crunchy from the chopped organs. It's an acquired taste, but loved by many for its bold, tangy, and spicy flavors. Often served as a appetizer or ""pulutan"" (bar snack) with ice-cold beer."
40. Ginataang Tilapia,"Tilapia, coconut milk, spinach, garlic, onions, ginger","Sauté garlic, onions, and ginger. Add fish and coconut milk. Simmer and add spinach.","40. Ginataang Tilapia: A creamy white dish featuring tender pieces of tilapia fish in a coconut milk sauce. The aroma is a blend of coconut, ginger, and garlic. Bright green spinach leaves float in the sauce, adding color and nutrition. The fish is soft and flaky, easily breaking apart with a fork. The sauce is rich and slightly sweet from the coconut milk, with a hint of spiciness from the ginger. It's a comforting, tropical-tasting dish."
41. Pork Humba,"Pork belly, soy sauce, vinegar, brown sugar, garlic, bay leaves, peppercorns","Marinate pork in soy sauce, vinegar, and spices. Simmer until tender and sauce is reduced.","41. Pork Humba:
A rich, dark dish of tender pork belly swimming in a glossy, mahogany-colored sauce. The meat glistens with a perfect balance of sweet and savory flavors, infused with the earthy aroma of bay leaves and the subtle heat of peppercorns. Each bite offers a melt-in-your-mouth experience, with the fatty pork complemented by the deeply reduced, sticky sauce that clings to every morsel."
42. Chicken Empanada,"Chicken, potatoes, carrots, peas, flour, butter, egg",Make dough with flour and butter. Prepare chicken filling. Wrap filling in dough and bake.,"42. Chicken Empanada:
Golden-brown, flaky pastry pockets filled with a savory chicken mixture. The crisp exterior gives way to a warm, aromatic filling of tender chicken and colorful vegetables. The contrast between the buttery crust and the hearty filling creates a satisfying texture, while the aroma of freshly baked pastry fills the air. These hand-held treats are perfect for on-the-go snacking or as a comforting meal."
43. Ginisang Sardinas,"Canned sardines, tomatoes, garlic, onions",Sauté garlic and onions. Add tomatoes and sardines. Simmer briefly.,"43. Ginisang Sardinas:
A vibrant, rustic dish of flaky sardines nestled in a bed of bright red tomatoes. The fish's natural oils mingle with the sweet acidity of the tomatoes, creating a luscious sauce. Fragrant garlic and onions add depth to the dish, while the sardines' briny flavor shines through. This simple yet flavorful meal is perfect served over steaming white rice, with the colorful sauce creating an appetizing contrast."
44. Pork Estofado,"Pork, soy sauce, vinegar, brown sugar, potatoes, carrots, garlic, bay leaves","Marinate pork in soy sauce, vinegar, and sugar. Simmer with vegetables until tender.","44. Pork Estofado:
A hearty stew of succulent pork pieces and colorful vegetables in a rich, glossy sauce. The meat is fork-tender, having absorbed the sweet and tangy flavors of the marinade. Chunks of golden potatoes and vibrant orange carrots add texture and color to the dish. The aroma of garlic and bay leaves wafts through the air, promising a comforting and satisfying meal that's perfect for cooler days."
45. Chicken Sotanghon,"Chicken, sotanghon noodles, carrots, cabbage, garlic, onions, fish sauce",Sauté garlic and onions. Add chicken and vegetables. Pour in broth and add noodles.,"45. Chicken Sotanghon:
A light yet satisfying noodle soup featuring delicate, translucent sotanghon noodles and tender chicken pieces. The clear broth is fragrant with garlic and onions, while colorful carrots and green cabbage add freshness and crunch. The soup's subtle, savory flavor comes from a touch of fish sauce, creating a perfectly balanced dish. This comforting bowl is both visually appealing and aromatic, perfect for soothing the soul."
1. Sinangag (Garlic Fried Rice),"Rice, garlic, cooking oil, salt","Sauté minced garlic in oil, add cooked rice, and fry until crispy.","1. Sinangag (Garlic Fried Rice):
A fragrant, golden-brown dish that's a feast for the senses. Crispy grains of rice are flecked with tiny bits of toasted garlic, giving off a mouthwatering aroma. The rice has a satisfying crunch and a rich, savory flavor that lingers on the tongue. It's a simple yet irresistible comfort food that fills the kitchen with a warm, inviting smell."
2. Tortang Talong (Eggplant Omelet),"Eggplant, eggs, salt, pepper, cooking oil","Grill eggplant, mash, dip in beaten eggs, and fry.","2. Tortang Talong (Eggplant Omelet):
A rustic, hearty dish with a smoky aroma. The grilled eggplant has a soft, creamy texture, enveloped in a golden-brown egg coating. It's like a warm hug on a plate, with a subtle char flavor and a comforting eggy richness. The omelet is speckled with flecks of black pepper, adding a hint of spice to this homey dish."
3. Ginisang Ampalaya (Sautéed Bitter Gourd),"Bitter gourd, eggs, garlic, onions, salt, pepper, cooking oil","Sauté garlic and onions, add sliced bitter gourd, and scramble with eggs.","3. Ginisang Ampalaya (Sautéed Bitter Gourd):
A vibrant green dish with a unique, acquired taste. The bitter gourd slices are crisp-tender, their slight bitterness balanced by fluffy scrambled eggs. The aroma is savory and inviting, with notes of garlic and onion. It's a bold, flavorful dish that's both nutritious and intriguing to the palate."
4. Adobong Sitaw (String Bean Adobo),"String beans, garlic, vinegar, soy sauce, black pepper, cooking oil","Sauté garlic, add string beans, then pour in vinegar and soy sauce. Simmer until cooked.","4. Adobong Sitaw (String Bean Adobo):
Long, slender green beans bathed in a tangy, savory sauce. The dish has a rich brown color from the soy sauce, with a vinegary aroma that tickles the nose. The string beans retain a slight crunch, soaking up the flavorful sauce. It's a perfect balance of sour, salty, and umami flavors that makes your mouth water."
5. Ginataang Kalabasa (Squash in Coconut Milk),"Squash, coconut milk, garlic, onions, salt, pepper, cooking oil","Sauté garlic and onions, add squash and coconut milk. Simmer until squash is tender.","5. Ginataang Kalabasa (Squash in Coconut Milk):
A creamy, golden-orange dish that's pure comfort in a bowl. Tender chunks of sweet squash swim in a velvety coconut milk sauce. The aroma is sweet and nutty, with hints of garlic and onion. It's a warm, soothing dish with a delicate balance of flavors - the natural sweetness of the squash complementing the rich, creamy coconut milk."
46. Ginataang Kalabasa at Sitaw,"Squash, string beans, coconut milk, shrimp, garlic, onions","Sauté garlic and onions. Add squash, string beans, and shrimp. Pour in coconut milk and simmer.","46. Ginataang Kalabasa at Sitaw:
A vibrant, golden-hued dish that's a feast for the eyes and nose. The bright orange squash and crisp green beans swim in a creamy, white coconut sauce. The aroma is a delightful mix of sweet coconut, earthy vegetables, and savory shrimp. It's like a warm, comforting hug in a bowl, with a tropical twist that transports you to a sunny beach."
47. Pork Tapa,"Pork, soy sauce, garlic, sugar, black pepper","Marinate thin slices of pork in soy sauce, garlic, sugar, and pepper. Pan-fry until crispy.","47. Pork Tapa:
Imagine thin, crispy strips of pork that are a deep reddish-brown, glistening with a sweet-savory glaze. The edges are slightly charred, adding a smoky note to the already mouthwatering aroma of garlic and soy sauce. It's like bacon's fancy Filipino cousin, with a perfect balance of salty, sweet, and umami flavors that make your taste buds dance."
48. Tinolang Manok sa Papaya,"Chicken, green papaya, chili leaves, ginger, garlic, onions, fish sauce","Sauté ginger, garlic, and onions. Add chicken and papaya. Simmer and add chili leaves.","48. Tinolang Manok sa Papaya:
Picture a clear, golden broth filled with tender chicken pieces and pale green papaya chunks. The soup is dotted with vibrant green chili leaves, creating a beautiful contrast. The scent is a comforting blend of ginger and garlic, with a hint of fish sauce. It's like a warm, soothing blanket for your stomach on a chilly day."
49. Pork Mechado,"Pork, potatoes, carrots, tomato sauce, soy sauce, garlic, onions, bay leaves","Marinate pork in soy sauce. Sauté garlic and onions. Add pork, vegetables, and tomato sauce. Simmer until tender.","49. Pork Mechado:
This hearty stew boasts chunks of tender pork in a rich, red tomato sauce. The carrots add pops of orange, while potatoes provide a creamy white contrast. The aroma is a complex mix of savory meat, tangy tomatoes, and aromatic bay leaves. It's like a Filipino version of beef stew, but with a unique twist that'll make your mouth water."
50. Ginataang Bilo-Bilo with Langka,"Glutinous rice balls, jackfruit, sago pearls, coconut milk, sugar","Cook rice balls and sago. Add coconut milk, jackfruit, and sugar. Simmer until thickened.","50. Ginataang Bilo-Bilo with Langka:
Imagine a creamy, off-white dessert soup filled with chewy, translucent rice balls and golden chunks of sweet jackfruit. The sago pearls add tiny, pearlescent pops throughout. The scent is sweet and tropical, dominated by rich coconut milk. It's like a warm, comforting hug in dessert form, with textures and flavors that dance on your tongue."
